HR@orcl>SELECT ROUND(MAX(salary),0) "Maximum", ROUND(MIN(salary),0) "Minimum",
  2  ROUND(SUM(salary),0) "Sum", ROUND(AVG(salary),0) "Average"
  3  FROM employees;

   Maximum    Minimum        Sum    Average                                                                             
---------- ---------- ---------- ----------                                                                             
     24000       2500     211400       9191                                                                             

HR@orcl>ed
Wrote file afiedt.buf

  1  SELECT job_id, ROUND(MAX(salary),0) "Maximum", ROUND(MIN(salary),0) "Minimum",
  2  ROUND(SUM(salary),0) "Sum", ROUND(AVG(salary),0) "Average"
  3  FROM employees
  4* GROUP BY job_id;
HR@orcl>/
GROUP BY job_id;
               *
ERROR at line 4:
ORA-00911: invalid character 


HR@orcl>ed
Wrote file afiedt.buf

  1  SELECT job_id, ROUND(MAX(salary),0) "Maximum", ROUND(MIN(salary),0) "Minimum",
  2  ROUND(SUM(salary),0) "Sum", ROUND(AVG(salary),0) "Average"
  3  FROM employees
  4* GROUP BY job_id
HR@orcl>/

JOB_ID        Maximum    Minimum        Sum    Average                                                                  
---------- ---------- ---------- ---------- ----------                                                                  
IT_PROG          9000       4200      19200       6400                                                                  
AC_MGR          12000      12000      24000      12000                                                                  
AC_ACCOUNT       8300       8300       8300       8300                                                                  
ST_MAN           5800       5800       5800       5800                                                                  
AD_ASST          4400       4400       4400       4400                                                                  
AD_VP           17000      17000      34000      17000                                                                  
SA_MAN          10500      10500      10500      10500                                                                  
MK_MAN          14300      14300      14300      14300                                                                  
AD_PRES         24000      24000      24000      24000                                                                  
SA_REP          11000       7000      48600       9720                                                                  
MK_REP           6600       6600       6600       6600                                                                  

JOB_ID        Maximum    Minimum        Sum    Average                                                                  
---------- ---------- ---------- ---------- ----------                                                                  
ST_CLERK         3500       2500      11700       2925                                                                  

12 rows selected.

HR@orcl>SELECT job_id, COUNT(*)
  2     FROM employees
  3     GROUP BY job_id;

JOB_ID       COUNT(*)                                                                                                   
---------- ----------                                                                                                   
AC_ACCOUNT          1                                                                                                   
AC_MGR              2                                                                                                   
AD_ASST             1                                                                                                   
AD_PRES             1                                                                                                   
AD_VP               2                                                                                                   
IT_PROG             3                                                                                                   
MK_MAN              1                                                                                                   
MK_REP              1                                                                                                   
SA_MAN              1                                                                                                   
SA_REP              5                                                                                                   
ST_CLERK            4                                                                                                   

JOB_ID       COUNT(*)                                                                                                   
---------- ----------                                                                                                   
ST_MAN              1                                                                                                   

12 rows selected.

HR@orcl>SELECT COUNT(DISTINCT manager_id) "Number of Managers"
  2  FROM employees;

Number of Managers                                                                                                      
------------------                                                                                                      
                 8                                                                                                      

HR@orcl>SELECT MAX(salary) - MIN(salary) DIFFERENCE
  2  FROM employees;

DIFFERENCE                                                                                                              
----------                                                                                                              
     21500                                                                                                              

HR@orcl>SELECT manager_id, MIN(salary) FROM employees
  2  WHERE manager_id IS NOT NULL
  3  GROUP BY manager_id
  4  HAVING MIN(salary) > 6000
  5  ORDER BY MIN(salary) DESC;

MANAGER_ID MIN(SALARY)                                                                                                  
---------- -----------                                                                                                  
       102        9000                                                                                                  
       205        8300                                                                                                  
       149        7000                                                                                                  
       201        6600                                                                                                  

HR@orcl>SELECT COUNT(*) total, SUM(DECODE(TO_CHAR(hire_date, 'YYYY'),1995,1,0))"1995",
  2  SUM(DECODE(TO_CHAR(hire_date, 'YYYY'),1996,1,0))"1996",
  3  SUM(DECODE(TO_CHAR(hire_date, 'YYYY'),1997,1,0))"1997",
  4  SUM(DECODE(TO_CHAR(hire_date, 'YYYY'),1998,1,0))"1998"
  5  FROM employees;

     TOTAL       1995       1996       1997       1998                                                                  
---------- ---------- ---------- ---------- ----------                                                                  
        23          1          2          2          3                                                                  

HR@orcl>SELECT job_id "Job", SUM(DECODE(department_id , 20, salary)) "Dept 20",
  2            SUM(DECODE(department_id, 50, salary)) "Dept 50",
  3            SUM(DECODE(department_id, 80, salary)) "Dept 80",
  4            SUM(DECODE(department_id, 90, salary)) "Dept 90",
  5            SUM(salary) "Total"
  6  FROM employees
  7  GROUP BY job_id;

Job           Dept 20    Dept 50    Dept 80    Dept 90      Total                                                       
---------- ---------- ---------- ---------- ---------- ----------                                                       
IT_PROG                                                     19200                                                       
AC_MGR                                                      24000                                                       
AC_ACCOUNT                                                   8300                                                       
ST_MAN                      5800                             5800                                                       
AD_ASST                                                      4400                                                       
AD_VP                                            34000      34000                                                       
SA_MAN                                10500                 10500                                                       
MK_MAN                                                      14300                                                       
AD_PRES                                          24000      24000                                                       
SA_REP                                19600                 48600                                                       
MK_REP           6600                                        6600                                                       

Job           Dept 20    Dept 50    Dept 80    Dept 90      Total                                                       
---------- ---------- ---------- ---------- ---------- ----------                                                       
ST_CLERK                   11700                            11700                                                       

12 rows selected.

HR@orcl>SELECT location_id, street_address, city, state_province, country_name
  2  FROM locations NATURAL JOIN countries;

LOCATION_ID STREET_ADDRESS                           CITY                           STATE_PROVINCE                      
----------- ---------------------------------------- ------------------------------ -------------------------           
COUNTRY_NAME                                                                                                            
----------------------------------------                                                                                
       1400 2014 Jabberwocky Rd                      Southlake                      Texas                               
United States of America                                                                                                
                                                                                                                        
       1500 2011 Interiors Blvd                      South San Francisco            California                          
United States of America                                                                                                
                                                                                                                        
       1700 2004 Charade Rd                          Seattle                        Washington                          
United States of America                                                                                                
                                                                                                                        

LOCATION_ID STREET_ADDRESS                           CITY                           STATE_PROVINCE                      
----------- ---------------------------------------- ------------------------------ -------------------------           
COUNTRY_NAME                                                                                                            
----------------------------------------                                                                                
       1800 460 Bloor St. W.                         Toronto                        Ontario                             
Canada                                                                                                                  
                                                                                                                        
       2500 Magdalen Centre, The Oxford Science Park Oxford                         Oxford                              
United Kingdom                                                                                                          
                                                                                                                        

HR@orcl>SELECT last_name, department_id, department_name
  2  FROM employees JOIN departments
  3  USING (department_id);

LAST_NAME                 DEPARTMENT_ID DEPARTMENT_NAME                                                                 
------------------------- ------------- ------------------------------                                                  
Abel                                 80 Sales                                                                           
Davies                               50 Shipping                                                                        
De Haan                              90 Executive                                                                       
Dean                                 60 IT                                                                              
Ernst                                60 IT                                                                              
Fay                                  20 Marketing                                                                       
Gietz                               110 Accounting                                                                      
Hartstein                            40 Human Resource                                                                  
Higgins                             110 Accounting                                                                      
Hunold                               60 IT                                                                              
King                                 90 Executive                                                                       

LAST_NAME                 DEPARTMENT_ID DEPARTMENT_NAME                                                                 
------------------------- ------------- ------------------------------                                                  
Kochhar                              90 Executive                                                                       
Lorentz                              60 IT                                                                              
Matos                                50 Shipping                                                                        
Mourgos                              50 Shipping                                                                        
Popp                                110 Accounting                                                                      
Rajs                                 50 Shipping                                                                        
Raphealy                             60 IT                                                                              
Taylor                               80 Sales                                                                           
Vargas                               50 Shipping                                                                        
Whalen                               10 Administration                                                                  
Zlotkey                              80 Sales                                                                           

22 rows selected.

HR@orcl>SELECT e.last_name, e.job_id, e.department_id, d.department_name
  2  FROM employees e JOIN departments d
  3  ON (e.department_id = d.department_id)
  4  JOIN locations 1
  5  ON (d.locaion_id = 1.location_id)
  6  WHERE LOWER(1.city) = 'toronto';
JOIN locations 1
               *
ERROR at line 4:
ORA-00905: missing keyword 


HR@orcl>ed
Wrote file afiedt.buf

  1  SELECT e.last_name, e.job_id, e.department_id, d.department_name
  2  FROM employees e JOIN departments d
  3  ON (e.department_id = d.department_id)
  4  JOIN locations 1
  5  ON (d.locaion_id = 1.location_id)
  6* WHERE LOWER(1.city) = 'toronto'
HR@orcl>/
JOIN locations 1
               *
ERROR at line 4:
ORA-00905: missing keyword 


HR@orcl>ed
Wrote file afiedt.buf

  1  SELECT e.last_name, e.job_id, e.department_id, d.department_name
  2  FROM employees e JOIN departments d
  3  ON (e.department_id = d.department_id)
  4  JOIN locations l
  5  ON (d.locaion_id = l.location_id)
  6* WHERE LOWER(1.city) = 'toronto'
HR@orcl>/
WHERE LOWER(1.city) = 'toronto'
              *
ERROR at line 6:
ORA-00907: missing right parenthesis 


HR@orcl>ed
Wrote file afiedt.buf

  1  SELECT e.last_name, e.job_id, e.department_id, d.department_name
  2  FROM employees e JOIN departments d
  3  ON (e.department_id = d.department_id)
  4  JOIN locations l
  5  ON (d.locaion_id = l.location_id)
  6* WHERE LOWER(l.city) = 'toronto'
HR@orcl>/
ON (d.locaion_id = l.location_id)
    *
ERROR at line 5:
ORA-00904: "D"."LOCAION_ID": invalid identifier 


HR@orcl>ed
Wrote file afiedt.buf

  1  SELECT e.last_name, e.job_id, e.department_id, d.department_name
  2  FROM employees e JOIN departments d
  3  ON (e.department_id = d.department_id)
  4  JOIN locations l
  5  ON (d.locaion_id = l.location_id)
  6* WHERE LOWER(l.city) = 'toronto'
HR@orcl>.
HR@orcl>/
ON (d.locaion_id = l.location_id)
    *
ERROR at line 5:
ORA-00904: "D"."LOCAION_ID": invalid identifier 


HR@orcl>ed
Wrote file afiedt.buf

  1  SELECT e.last_name, e.job_id, e.department_id, d.department_name
  2  FROM employees e JOIN departments d
  3  ON (e.department_id = d.department_id)
  4  JOIN locations l
  5  ON (d.location_id = l.location_id)
  6* WHERE LOWER(l.city) = 'toronto'
HR@orcl>/

LAST_NAME                 JOB_ID     DEPARTMENT_ID DEPARTMENT_NAME                                                      
------------------------- ---------- ------------- ------------------------------                                       
Fay                       MK_REP                20 Marketing                                                            

HR@orcl>SELECT w.last_name "Employee", w.employee_id "Emp#", m.last_name "Manager",
  2            m.employee_id "Mgr#"
  3     FROM employees w join employees m
  4     ON (w.manager_id = m.employees_id);
   ON (w.manager_id = m.employees_id)
                      *
ERROR at line 4:
ORA-00904: "M"."EMPLOYEES_ID": invalid identifier 


HR@orcl>ed
Wrote file afiedt.buf

  1  SELECT w.last_name "Employee", w.employee_id "Emp#", m.last_name "Manager",
  2            m.employee_id "Mgr#"
  3     FROM employees w join employees m
  4*    ON (w.manager_id = m.employee_id)
HR@orcl>/

Employee                        Emp# Manager                         Mgr#                                               
------------------------- ---------- ------------------------- ----------                                               
Kochhar                          101 King                             100                                               
De Haan                          102 King                             100                                               
Hunold                           103 De Haan                          102                                               
Ernst                            104 Hunold                           103                                               
Popp                             113 Higgins                          205                                               
Lorentz                          107 Hunold                           103                                               
Mourgos                          124 King                             100                                               
Rajs                             141 Mourgos                          124                                               
Davies                           142 Mourgos                          124                                               
Matos                            143 Mourgos                          124                                               
Vargas                           144 Mourgos                          124                                               

Employee                        Emp# Manager                         Mgr#                                               
------------------------- ---------- ------------------------- ----------                                               
Zlotkey                          149 King                             100                                               
Abel                             174 Zlotkey                          149                                               
Taylor                           176 Zlotkey                          149                                               
Grant                            178 Zlotkey                          149                                               
Whalen                           200 Kochhar                          101                                               
Hartstein                        201 King                             100                                               
Fay                              202 Hartstein                        201                                               
Higgins                          205 Kochhar                          101                                               
Gietz                            206 Higgins                          205                                               
Raphealy                         114 King                             100                                               
Dean                             115 King                             100                                               

22 rows selected.

HR@orcl>save lab_06_05.sql
Created file lab_06_05.sql
HR@orcl>@lab_06_05.sql

Employee                        Emp# Manager                         Mgr#                                               
------------------------- ---------- ------------------------- ----------                                               
Kochhar                          101 King                             100                                               
De Haan                          102 King                             100                                               
Hunold                           103 De Haan                          102                                               
Ernst                            104 Hunold                           103                                               
Popp                             113 Higgins                          205                                               
Lorentz                          107 Hunold                           103                                               
Mourgos                          124 King                             100                                               
Rajs                             141 Mourgos                          124                                               
Davies                           142 Mourgos                          124                                               
Matos                            143 Mourgos                          124                                               
Vargas                           144 Mourgos                          124                                               

Employee                        Emp# Manager                         Mgr#                                               
------------------------- ---------- ------------------------- ----------                                               
Zlotkey                          149 King                             100                                               
Abel                             174 Zlotkey                          149                                               
Taylor                           176 Zlotkey                          149                                               
Grant                            178 Zlotkey                          149                                               
Whalen                           200 Kochhar                          101                                               
Hartstein                        201 King                             100                                               
Fay                              202 Hartstein                        201                                               
Higgins                          205 Kochhar                          101                                               
Gietz                            206 Higgins                          205                                               
Raphealy                         114 King                             100                                               
Dean                             115 King                             100                                               

22 rows selected.

HR@orcl>ed
Wrote file afiedt.buf

  1  SELECT w.last_name "Employee", w.employee_id "Emp#", m.last_name "Manager",
  2            m.employee_id "Mgr#"
  3     FROM employees w LEFT OUTER JOIN employees m
  4     ON (w.manager_id = m.employee_id)
  5* ORDER BY 2;
HR@orcl>/
ORDER BY 2;
          *
ERROR at line 5:
ORA-00911: invalid character 


HR@orcl>ed
Wrote file afiedt.buf

  1  SELECT w.last_name "Employee", w.employee_id "Emp#", m.last_name "Manager",
  2            m.employee_id "Mgr#"
  3     FROM employees w LEFT OUTER JOIN employees m
  4     ON (w.manager_id = m.employee_id)
  5* ORDER BY 2
HR@orcl>/

Employee                        Emp# Manager                         Mgr#                                               
------------------------- ---------- ------------------------- ----------                                               
King                             100                                                                                    
Kochhar                          101 King                             100                                               
De Haan                          102 King                             100                                               
Hunold                           103 De Haan                          102                                               
Ernst                            104 Hunold                           103                                               
Lorentz                          107 Hunold                           103                                               
Popp                             113 Higgins                          205                                               
Raphealy                         114 King                             100                                               
Dean                             115 King                             100                                               
Mourgos                          124 King                             100                                               
Rajs                             141 Mourgos                          124                                               

Employee                        Emp# Manager                         Mgr#                                               
------------------------- ---------- ------------------------- ----------                                               
Davies                           142 Mourgos                          124                                               
Matos                            143 Mourgos                          124                                               
Vargas                           144 Mourgos                          124                                               
Zlotkey                          149 King                             100                                               
Abel                             174 Zlotkey                          149                                               
Taylor                           176 Zlotkey                          149                                               
Grant                            178 Zlotkey                          149                                               
Whalen                           200 Kochhar                          101                                               
Hartstein                        201 King                             100                                               
Fay                              202 Hartstein                        201                                               
Higgins                          205 Kochhar                          101                                               

Employee                        Emp# Manager                         Mgr#                                               
------------------------- ---------- ------------------------- ----------                                               
Gietz                            206 Higgins                          205                                               

23 rows selected.

HR@orcl>save lab_06_05.sql
SP2-0540: File "lab_06_05.sql" already exists.
Use "SAVE filename[.ext] REPLACE".
HR@orcl>save lab_06_06.sql
Created file lab_06_06.sql
HR@orcl>@lab_06_06.sql

Employee                        Emp# Manager                         Mgr#                                               
------------------------- ---------- ------------------------- ----------                                               
King                             100                                                                                    
Kochhar                          101 King                             100                                               
De Haan                          102 King                             100                                               
Hunold                           103 De Haan                          102                                               
Ernst                            104 Hunold                           103                                               
Lorentz                          107 Hunold                           103                                               
Popp                             113 Higgins                          205                                               
Raphealy                         114 King                             100                                               
Dean                             115 King                             100                                               
Mourgos                          124 King                             100                                               
Rajs                             141 Mourgos                          124                                               

Employee                        Emp# Manager                         Mgr#                                               
------------------------- ---------- ------------------------- ----------                                               
Davies                           142 Mourgos                          124                                               
Matos                            143 Mourgos                          124                                               
Vargas                           144 Mourgos                          124                                               
Zlotkey                          149 King                             100                                               
Abel                             174 Zlotkey                          149                                               
Taylor                           176 Zlotkey                          149                                               
Grant                            178 Zlotkey                          149                                               
Whalen                           200 Kochhar                          101                                               
Hartstein                        201 King                             100                                               
Fay                              202 Hartstein                        201                                               
Higgins                          205 Kochhar                          101                                               

Employee                        Emp# Manager                         Mgr#                                               
------------------------- ---------- ------------------------- ----------                                               
Gietz                            206 Higgins                          205                                               

23 rows selected.

HR@orcl>spool off
